isim,surum,tarih,kaynak,hastalik,dil,format,katman,alt_kaynak,sayfa,boyut_kb,yol
Treatment of Multiple Myeloma: ASCO Living Guideline,Version 2026.1.1,2026-01-06,ASCO / JCO,multipl miyelom,en,pdf,layer1_clinical,asco,12,339,layer1_clinical/asco/banerjee-et-al-2026-treatment-of-multiple-myeloma-asco-living-guideline-version-2026-1-1.pdf
Multiple Myeloma: EHA-ESMO Clinical Practice Guidelines,EHA-ESMO CPG,?,EHA + ESMO (Annals of Oncology),multipl miyelom,en,pdf,layer1_clinical,esmo,18,859,layer1_clinical/esmo/esmo.pdf
NCCN Guidelines Insights: Multiple Myeloma,Version 5.2026,2026-01-01,NCCN / JNCCN,multipl miyelom,en,pdf,layer1_clinical,nccn,27,1194,layer1_clinical/nccn/jnccn-article-e260001.pdf
"NCCN Clinical Practice Guidelines in Oncology: Multiple Myeloma (tam kilavuz, MYEL-1..MYEL-L)",Version 5.2026,2026-01-09,"NCCN (nccn.org, uyelik gerekli)",multipl miyelom,en,pdf,layer1_clinical,nccn,141,2084,layer1_clinical/nccn/myeloma.pdf
Plasma Cell Neoplasms (Including MM) Treatment - PDQ Health Professional,PDQ HP,2026-08-04,NCI / cancer.gov,plazma hucre neoplazmlari,en,pdf,layer1_clinical,nci_pdq,55,159,layer1_clinical/nci_pdq/NCI_PDQ_myeloma_HP_2026.pdf
dara backbone regimens,meta-analiz,?,PubMed Central (acik erisim),multipl miyelom,en,pdf,layer1_clinical,pubmed_meta,12,2890,layer1_clinical/pubmed_meta/PUBMED_META_dara_backbone_regimens.pdf
dara quad vs triplet 2025,meta-analiz,?,PubMed Central (acik erisim),multipl miyelom,en,pdf,layer1_clinical,pubmed_meta,9,1554,layer1_clinical/pubmed_meta/PUBMED_META_dara_quad_vs_triplet_2025.pdf
dara transplant ineligible 2025,meta-analiz,?,PubMed Central (acik erisim),multipl miyelom,en,pdf,layer1_clinical,pubmed_meta,14,719,layer1_clinical/pubmed_meta/PUBMED_META_dara_transplant_ineligible_2025.pdf
daratumumab efficacy safety,meta-analiz,?,PubMed Central (acik erisim),multipl miyelom,en,pdf,layer1_clinical,pubmed_meta,11,3582,layer1_clinical/pubmed_meta/PUBMED_META_daratumumab_efficacy_safety.pdf
quadruplet TE NDMM 2025,meta-analiz,?,PubMed Central (acik erisim),multipl miyelom,en,pdf,layer1_clinical,pubmed_meta,8,276,layer1_clinical/pubmed_meta/PUBMED_META_quadruplet_TE_NDMM_2025.pdf
Abecma - EMA EPAR Product Information,guncel EPAR,?,EMA (ema.europa.eu),multipl miyelom,en,pdf,layer2_regulatory,ema,55,608,layer2_regulatory/ema/EMA_abecma_PI.pdf
Blenrep - EMA EPAR Product Information,guncel EPAR,?,EMA (ema.europa.eu),multipl miyelom,en,pdf,layer2_regulatory,ema,50,961,layer2_regulatory/ema/EMA_blenrep_PI.pdf
Carvykti - EMA EPAR Product Information,guncel EPAR,?,EMA (ema.europa.eu),multipl miyelom,en,pdf,layer2_regulatory,ema,55,439,layer2_regulatory/ema/EMA_carvykti_PI.pdf
Darzalex - EMA EPAR Product Information,guncel EPAR,?,EMA (ema.europa.eu),multipl miyelom,en,pdf,layer2_regulatory,ema,122,5683,layer2_regulatory/ema/EMA_darzalex_PI.pdf
Elrexfio - EMA EPAR Product Information,guncel EPAR,?,EMA (ema.europa.eu),multipl miyelom,en,pdf,layer2_regulatory,ema,39,562,layer2_regulatory/ema/EMA_elrexfio_PI.pdf
Empliciti - EMA EPAR Product Information,guncel EPAR,?,EMA (ema.europa.eu),multipl miyelom,en,pdf,layer2_regulatory,ema,46,497,layer2_regulatory/ema/EMA_empliciti_PI.pdf
Imnovid - EMA EPAR Product Information,guncel EPAR,?,EMA (ema.europa.eu),multipl miyelom,en,pdf,layer2_regulatory,ema,67,501,layer2_regulatory/ema/EMA_imnovid_PI.pdf
Kyprolis - EMA EPAR Product Information,guncel EPAR,?,EMA (ema.europa.eu),multipl miyelom,en,pdf,layer2_regulatory,ema,59,866,layer2_regulatory/ema/EMA_kyprolis_PI.pdf
Lynozyfic - EMA EPAR Product Information,guncel EPAR,?,EMA (ema.europa.eu),multipl miyelom,en,pdf,layer2_regulatory,ema,48,593,layer2_regulatory/ema/EMA_lynozyfic_PI.pdf
Nexpovio - EMA EPAR Product Information,guncel EPAR,?,EMA (ema.europa.eu),multipl miyelom,en,pdf,layer2_regulatory,ema,43,597,layer2_regulatory/ema/EMA_nexpovio_PI.pdf
Ninlaro - EMA EPAR Product Information,guncel EPAR,?,EMA (ema.europa.eu),multipl miyelom,en,pdf,layer2_regulatory,ema,49,528,layer2_regulatory/ema/EMA_ninlaro_PI.pdf
Pepaxti - EMA EPAR Product Information,guncel EPAR,?,EMA (ema.europa.eu),multipl miyelom,en,pdf,layer2_regulatory,ema,31,543,layer2_regulatory/ema/EMA_pepaxti_PI.pdf
Revlimid - EMA EPAR Product Information,guncel EPAR,?,EMA (ema.europa.eu),multipl miyelom,en,pdf,layer2_regulatory,ema,102,1057,layer2_regulatory/ema/EMA_revlimid_PI.pdf
Sarclisa - EMA EPAR Product Information,guncel EPAR,?,EMA (ema.europa.eu),multipl miyelom,en,pdf,layer2_regulatory,ema,106,1039,layer2_regulatory/ema/EMA_sarclisa_PI.pdf
Talvey - EMA EPAR Product Information,guncel EPAR,?,EMA (ema.europa.eu),multipl miyelom,en,pdf,layer2_regulatory,ema,49,320,layer2_regulatory/ema/EMA_talvey_PI.pdf
Tecvayli - EMA EPAR Product Information,guncel EPAR,?,EMA (ema.europa.eu),multipl miyelom,en,pdf,layer2_regulatory,ema,51,296,layer2_regulatory/ema/EMA_tecvayli_PI.pdf
Velcade - EMA EPAR Product Information,guncel EPAR,?,EMA (ema.europa.eu),multipl miyelom,en,pdf,layer2_regulatory,ema,102,566,layer2_regulatory/ema/EMA_velcade_PI.pdf
ABECMA - FDA Prescribing Information,ilk onay 2021,?,FDA (DailyMed / NLM),multipl miyelom,en,pdf,layer2_regulatory,fda/labels,48,765,layer2_regulatory/fda/labels/FDA_ABECMA_PI.pdf
CARVYKTI - FDA Prescribing Information,ilk onay 2022,?,FDA (DailyMed / NLM),multipl miyelom,en,pdf,layer2_regulatory,fda/labels,46,1061,layer2_regulatory/fda/labels/FDA_CARVYKTI_PI.pdf
DARZALEX FASPRO - FDA Prescribing Information,ilk onay 2020,?,FDA (DailyMed / NLM),multipl miyelom,en,pdf,layer2_regulatory,fda/labels,70,970,layer2_regulatory/fda/labels/FDA_DARZALEX_FASPRO_PI.pdf
DARZALEX - FDA Prescribing Information,ilk onay 2015,?,FDA (DailyMed / NLM),multipl miyelom,en,pdf,layer2_regulatory,fda/labels,63,1289,layer2_regulatory/fda/labels/FDA_DARZALEX_PI.pdf
ELREXFIO - FDA Prescribing Information,ilk onay 2023,?,FDA (DailyMed / NLM),multipl miyelom,en,pdf,layer2_regulatory,fda/labels,34,469,layer2_regulatory/fda/labels/FDA_ELREXFIO_PI.pdf
EMPLICITI - FDA Prescribing Information,rev-2022-03,2022-03-01,FDA (DailyMed / NLM),multipl miyelom,en,pdf,layer2_regulatory,fda/labels,33,445,layer2_regulatory/fda/labels/FDA_EMPLICITI_PI.pdf
KYPROLIS - FDA Prescribing Information,ilk onay 2012,?,FDA (DailyMed / NLM),multipl miyelom,en,pdf,layer2_regulatory,fda/labels,72,797,layer2_regulatory/fda/labels/FDA_KYPROLIS_PI.pdf
LYNOZYFIC - FDA Prescribing Information,ilk onay 2025,?,FDA (DailyMed / NLM),multipl miyelom,en,pdf,layer2_regulatory,fda/labels,37,600,layer2_regulatory/fda/labels/FDA_LYNOZYFIC_PI.pdf
NINLARO - FDA Prescribing Information,ilk onay 2015,?,FDA (DailyMed / NLM),multipl miyelom,en,pdf,layer2_regulatory,fda/labels,37,712,layer2_regulatory/fda/labels/FDA_NINLARO_PI.pdf
POMALYST - FDA Prescribing Information,ilk onay 2013,?,FDA (DailyMed / NLM),multipl miyelom,en,pdf,layer2_regulatory,fda/labels,48,555,layer2_regulatory/fda/labels/FDA_POMALYST_PI.pdf
REVLIMID - FDA Prescribing Information,ilk onay 2005,?,FDA (DailyMed / NLM),multipl miyelom,en,pdf,layer2_regulatory,fda/labels,81,1078,layer2_regulatory/fda/labels/FDA_REVLIMID_PI.pdf
SARCLISA ESCENA - FDA Prescribing Information,ilk onay 2020,?,FDA (DailyMed / NLM),multipl miyelom,en,pdf,layer2_regulatory,fda/labels,52,882,layer2_regulatory/fda/labels/FDA_SARCLISA_ESCENA_PI.pdf
SARCLISA - FDA Prescribing Information,ilk onay 2020,?,FDA (DailyMed / NLM),multipl miyelom,en,pdf,layer2_regulatory,fda/labels,39,741,layer2_regulatory/fda/labels/FDA_SARCLISA_PI.pdf
TALVEY - FDA Prescribing Information,ilk onay 2023,?,FDA (DailyMed / NLM),multipl miyelom,en,pdf,layer2_regulatory,fda/labels,43,2067,layer2_regulatory/fda/labels/FDA_TALVEY_PI.pdf
TECVAYLI - FDA Prescribing Information,ilk onay 2022,?,FDA (DailyMed / NLM),multipl miyelom,en,pdf,layer2_regulatory,fda/labels,49,724,layer2_regulatory/fda/labels/FDA_TECVAYLI_PI.pdf
THALOMID - FDA Prescribing Information,ilk onay 1998,?,FDA (DailyMed / NLM),multipl miyelom,en,pdf,layer2_regulatory,fda/labels,55,2403,layer2_regulatory/fda/labels/FDA_THALOMID_PI.pdf
VELCADE - FDA Prescribing Information,ilk onay 2003,?,FDA (DailyMed / NLM),multipl miyelom,en,pdf,layer2_regulatory,fda/labels,51,763,layer2_regulatory/fda/labels/FDA_VELCADE_PI.pdf
XPOVIO - FDA Prescribing Information,ilk onay 2019,?,FDA (DailyMed / NLM),multipl miyelom,en,pdf,layer2_regulatory,fda/labels,65,3258,layer2_regulatory/fda/labels/FDA_XPOVIO_PI.pdf
Orange Book Appendix A - Product Name Index,Haziran 2026,2026-06-01,FDA Orange Book,genel (tum endikasyonlar),en,pdf,layer2_regulatory,fda/orange_book,64,167,layer2_regulatory/fda/orange_book/appendix_fda.pdf
BORCADE 3 5 MG IV SC ENJEKSIYONLUK ZELTI HAZ RLAMAK IN LIYOF - Kisa Urun Bilgisi (KUB),KUB onay 2024-01-05,2024-01-05,TITCK (titck.gov.tr) / KOÇAK FARMA İLAÇ VE KİMYA SANAYİ A.Ş,multipl miyelom,tr,pdf,layer2_regulatory,titck/kub,52,637,layer2_regulatory/titck/kub/BORTEZOMIB__BORCADE_3_5_MG_IV_SC_ENJEKSIYONLUK_ZELTI_HAZ_RLAMAK_IN_LIYOF_KUB.pdf
BORT REL 1 MG I V ENJEKS YONLUK ZELT HAZIRLAMAK N TOZ - Kisa Urun Bilgisi (KUB),KUB onay 2024-02-20,2024-02-20,TITCK (titck.gov.tr) / Dem İlaç Sanayi ve Ticaret A.Ş.,multipl miyelom,tr,pdf,layer2_regulatory,titck/kub,38,512,layer2_regulatory/titck/kub/BORTEZOMIB__BORT_REL_1_MG_I_V_ENJEKS_YONLUK_ZELT_HAZIRLAMAK_N_TOZ_KUB.pdf
BORT REL 3 5 MG IV SC ENJEKS YONLUK ZELT HAZIRLAMAK N TOZ - Kisa Urun Bilgisi (KUB),KUB onay 2022-08-12,2022-08-12,TITCK (titck.gov.tr) / Dem İlaç Sanayi ve Ticaret A.Ş.,multipl miyelom,tr,pdf,layer2_regulatory,titck/kub,42,483,layer2_regulatory/titck/kub/BORTEZOMIB__BORT_REL_3_5_MG_IV_SC_ENJEKS_YONLUK_ZELT_HAZIRLAMAK_N_TOZ_KUB.pdf
BORACTIB 3 5 MG IV SC ENJEKSIYONLUK ZELTI IN TOZ - Kisa Urun Bilgisi (KUB),KUB onay 2023-02-23,2023-02-23,TITCK (titck.gov.tr) / VEM İLAÇ SAN. VE TİC. ANONİM ŞİRKETİ,multipl miyelom,tr,pdf,layer2_regulatory,titck/kub,56,1897,layer2_regulatory/titck/kub/BORTEZOM_B__BORACTIB_3_5_MG_IV_SC_ENJEKSIYONLUK_ZELTI_IN_TOZ_KUB.pdf
B EM B 3 5 MG IV SC ENJEKS YONLUK ZELT N TOZ EREN FLAKON - Kisa Urun Bilgisi (KUB),KUB onay 2020-05-04,2020-05-04,TITCK (titck.gov.tr) / BİEM İLAÇ SANAYİ VE TİC. A.Ş.,multipl miyelom,tr,pdf,layer2_regulatory,titck/kub,39,487,layer2_regulatory/titck/kub/BORTEZOM_B__B_EM_B_3_5_MG_IV_SC_ENJEKS_YONLUK_ZELT_N_TOZ_EREN_FLAKON_KUB.pdf
VELCADE 3 5 MG IV SC ENJEKS YONLUK ZELT N TOZ - Kisa Urun Bilgisi (KUB),KUB onay 2025-11-29,2025-11-29,TITCK (titck.gov.tr) / JOHNSON AND JOHNSON SIHHİ MAL. SAN. VE TİC. LTD. ŞTİ.,multipl miyelom,tr,pdf,layer2_regulatory,titck/kub,44,889,layer2_regulatory/titck/kub/BORTEZOM_B__VELCADE_3_5_MG_IV_SC_ENJEKS_YONLUK_ZELT_N_TOZ_KUB.pdf
VELTEZO 3 5 MG IV SC ENJEKS YONLUK ZELT HAZIRLAMAK N TOZ - Kisa Urun Bilgisi (KUB),KUB onay 2024-07-19,2024-07-19,TITCK (titck.gov.tr) / DEVA HOLDİNG A.Ş.,multipl miyelom,tr,pdf,layer2_regulatory,titck/kub,45,913,layer2_regulatory/titck/kub/BORTEZOM_B__VELTEZO_3_5_MG_IV_SC_ENJEKS_YONLUK_ZELT_HAZIRLAMAK_N_TOZ_KUB.pdf
DARZALEX 100 MG 5 ML NF ZYONLUK ZELTI HAZ RLAMAK IN KONSANTR - Kisa Urun Bilgisi (KUB),KUB onay 2025-02-26,2025-02-26,TITCK (titck.gov.tr) / Johnson and Johnson Sıhhi Mal. San. ve Tic. Ltd. Şti.,multipl miyelom,tr,pdf,layer2_regulatory,titck/kub,32,2010,layer2_regulatory/titck/kub/DARATUMUMAB__DARZALEX_100_MG_5_ML_NF_ZYONLUK_ZELTI_HAZ_RLAMAK_IN_KONSANTR_KUB.pdf
DARZALEX 1800 MG SC ENJEKSIYONLUK ZELTI - Kisa Urun Bilgisi (KUB),KUB onay 2024-05-16,2024-05-16,TITCK (titck.gov.tr) / JOHNSON AND JOHNSON SIHHİ MALZEME SANAYİ VE TİCARET LİMİTED ŞİRKETİ,multipl miyelom,tr,pdf,layer2_regulatory,titck/kub,42,2480,layer2_regulatory/titck/kub/DARATUMUMAB__DARZALEX_1800_MG_SC_ENJEKSIYONLUK_ZELTI_KUB.pdf
DARZALEX 400 MG 20 ML NF ZYONLUK ZELT HAZIRLAMAK N KONSANTRE - Kisa Urun Bilgisi (KUB),KUB onay 2025-02-26,2025-02-26,TITCK (titck.gov.tr) / Johnson and Johnson Sıhhi Mal. San. ve Tic. Ltd. Şti.,multipl miyelom,tr,pdf,layer2_regulatory,titck/kub,32,2021,layer2_regulatory/titck/kub/DARATUMUMAB__DARZALEX_400_MG_20_ML_NF_ZYONLUK_ZELT_HAZIRLAMAK_N_KONSANTRE_KUB.pdf
PROL A 60 MG ML SC ENJEKSIYONLUK ZELTI EREN KULLAN MA HAZ R  - Kisa Urun Bilgisi (KUB),KUB onay 2024-08-02,2024-08-02,TITCK (titck.gov.tr) / Amgen İlaç Tic. Ltd. Şti.,miyelom kemik hastaligi (destek),tr,pdf,layer2_regulatory,titck/kub,18,356,layer2_regulatory/titck/kub/DENOSUMAB__PROL_A_60_MG_ML_SC_ENJEKSIYONLUK_ZELTI_EREN_KULLAN_MA_HAZ_R__KUB.pdf
XGEVA 120 MG SC ENJEKS YONLUK ZELT  - Kisa Urun Bilgisi (KUB),KUB onay 2022-08-23,2022-08-23,TITCK (titck.gov.tr) / AMGEN İLAÇ TİCARET LİMİTED ŞİRKETİ,miyelom kemik hastaligi (destek),tr,pdf,layer2_regulatory,titck/kub,21,581,layer2_regulatory/titck/kub/DENOSUMAB__XGEVA_120_MG_SC_ENJEKS_YONLUK_ZELT__KUB.pdf
ELREXFIO 44 MG 1 1 ML ENJEKSIYONLUK ZELTI - Kisa Urun Bilgisi (KUB),KUB onay 2024-08-29,2024-08-29,TITCK (titck.gov.tr) / Pfizer PFE İlaçları Anonim Şirketi,multipl miyelom,tr,pdf,layer2_regulatory,titck/kub,20,1283,layer2_regulatory/titck/kub/ELRANATAMAB__ELREXFIO_44_MG_1_1_ML_ENJEKSIYONLUK_ZELTI_KUB.pdf
ELREXFIO 76 MG 1 9 ML ENJEKSIYONLUK ZELTI - Kisa Urun Bilgisi (KUB),KUB onay 2024-08-29,2024-08-29,TITCK (titck.gov.tr) / Pfizer PFE İlaçları Anonim Şirketi,multipl miyelom,tr,pdf,layer2_regulatory,titck/kub,20,1280,layer2_regulatory/titck/kub/ELRANATAMAB__ELREXFIO_76_MG_1_9_ML_ENJEKSIYONLUK_ZELTI_KUB.pdf
NINLARO 3 MG KAPS L - Kisa Urun Bilgisi (KUB),KUB onay 2025-03-12,2025-03-12,TITCK (titck.gov.tr) / Takeda İlaç Sağlık San.Tic. Ltd. Şti.,multipl miyelom,tr,pdf,layer2_regulatory,titck/kub,21,772,layer2_regulatory/titck/kub/IKSAZOMIB_SITRAT__NINLARO_3_MG_KAPS_L_KUB.pdf
NINLARO 4 MG KAPS L - Kisa Urun Bilgisi (KUB),KUB onay 2025-03-11,2025-03-11,TITCK (titck.gov.tr) / Takeda İlaç Sağlık San.Tic. Ltd. Şti.,multipl miyelom,tr,pdf,layer2_regulatory,titck/kub,21,772,layer2_regulatory/titck/kub/IKSAZOMIB_SITRAT__NINLARO_4_MG_KAPS_L_KUB.pdf
NINLARO 2 3 MG KAPS L - Kisa Urun Bilgisi (KUB),KUB onay 2025-03-11,2025-03-11,TITCK (titck.gov.tr) / Takeda İlaç Sağlık San.Tic. Ltd. Şti.,multipl miyelom,tr,pdf,layer2_regulatory,titck/kub,21,801,layer2_regulatory/titck/kub/IKSAZOMIB__NINLARO_2_3_MG_KAPS_L_KUB.pdf
SARCLISA 100 MG 5 ML NF ZYONLUK ZELT HAZIRLAMAK N KONSANTRE - Kisa Urun Bilgisi (KUB),KUB onay 2024-12-17,2024-12-17,TITCK (titck.gov.tr) / SANOFİ SAĞLIK ÜRÜNLERİ LTD. ŞTİ.,multipl miyelom,tr,pdf,layer2_regulatory,titck/kub,26,1365,layer2_regulatory/titck/kub/ISATUXIMAB__SARCLISA_100_MG_5_ML_NF_ZYONLUK_ZELT_HAZIRLAMAK_N_KONSANTRE_KUB.pdf
SARCLISA 500 MG 25 ML NF ZYONLUK ZELT HAZIRLAMAK N KONSANTRE - Kisa Urun Bilgisi (KUB),KUB onay 2024-12-17,2024-12-17,TITCK (titck.gov.tr) / SANOFİ SAĞLIK ÜRÜNLERİ LTD. ŞTİ.,multipl miyelom,tr,pdf,layer2_regulatory,titck/kub,27,1383,layer2_regulatory/titck/kub/ISATUXIMAB__SARCLISA_500_MG_25_ML_NF_ZYONLUK_ZELT_HAZIRLAMAK_N_KONSANTRE_KUB.pdf
KARFILIB 60 MG I V ENJEKSIYONLUK ZELTI HAZ RLAMAK IN TOZ - Kisa Urun Bilgisi (KUB),KUB onay 2023-08-12,2023-08-12,TITCK (titck.gov.tr) / SABA İLAÇ SAN. VE TİC. A.Ş.,multipl miyelom,tr,pdf,layer2_regulatory,titck/kub,54,1283,layer2_regulatory/titck/kub/KARFILZOMIB__KARFILIB_60_MG_I_V_ENJEKSIYONLUK_ZELTI_HAZ_RLAMAK_IN_TOZ_KUB.pdf
KARZOM 60 MG IV NF ZYONLUK ZELTI HAZ RLAMAK IN TOZ - Kisa Urun Bilgisi (KUB),KUB onay 2025-11-12,2025-11-12,TITCK (titck.gov.tr) / SANDOZ İLAÇ SANAYİ VE TİCARET A.Ş.,multipl miyelom,tr,pdf,layer2_regulatory,titck/kub,53,1403,layer2_regulatory/titck/kub/KARFILZOMIB__KARZOM_60_MG_IV_NF_ZYONLUK_ZELTI_HAZ_RLAMAK_IN_TOZ_KUB.pdf
KYPROL S 10 MG IV INF ZYONLUK ZELTI HAZ RLAMAK I IN TOZ - Kisa Urun Bilgisi (KUB),KUB onay 2023-03-30,2023-03-30,TITCK (titck.gov.tr) / AMGEN İlaç Tic. Ltd. Şti.,multipl miyelom,tr,pdf,layer2_regulatory,titck/kub,40,2973,layer2_regulatory/titck/kub/KARFILZOMIB__KYPROL_S_10_MG_IV_INF_ZYONLUK_ZELTI_HAZ_RLAMAK_I_IN_TOZ_KUB.pdf
KYPROL S 30 MG IV INF ZYONLUK ZELTI HAZ RLAMAK I IN TOZ - Kisa Urun Bilgisi (KUB),KUB onay 2023-03-30,2023-03-30,TITCK (titck.gov.tr) / AMGEN İlaç Tic. Ltd. Şti.,multipl miyelom,tr,pdf,layer2_regulatory,titck/kub,40,2972,layer2_regulatory/titck/kub/KARFILZOMIB__KYPROL_S_30_MG_IV_INF_ZYONLUK_ZELTI_HAZ_RLAMAK_I_IN_TOZ_KUB.pdf
CAF ZO 60 MG I V ENJEKS YONLUK ZELT HAZIRLAMAK N TOZ - Kisa Urun Bilgisi (KUB),KUB onay 2026-05-16,2026-05-16,TITCK (titck.gov.tr) / Inpharmus İlaç San. Tic. A.Ş.,multipl miyelom,tr,pdf,layer2_regulatory,titck/kub,47,1286,layer2_regulatory/titck/kub/KARF_LZOM_B__CAF_ZO_60_MG_I_V_ENJEKS_YONLUK_ZELT_HAZIRLAMAK_N_TOZ_KUB.pdf
KYPROLIS 60 MG IV ENJEKS YONLUK ZELT N TOZ EREN FLAKON - Kisa Urun Bilgisi (KUB),KUB onay 2022-10-28,2022-10-28,TITCK (titck.gov.tr) / AMGEN İLAÇ TİC. LTD. ŞTİ.,multipl miyelom,tr,pdf,layer2_regulatory,titck/kub,48,1133,layer2_regulatory/titck/kub/KARF_LZOM_B__KYPROLIS_60_MG_IV_ENJEKS_YONLUK_ZELT_N_TOZ_EREN_FLAKON_KUB.pdf
KYPROL S 60 MG IV ENJEKS YONLUK ZELT N TOZ EREN FLAKON - Kisa Urun Bilgisi (KUB),KUB onay 2018-02-14,2018-02-14,TITCK (titck.gov.tr) / AMGEN İLAÇ TİC.LTD.ŞTİ,multipl miyelom,tr,pdf,layer2_regulatory,titck/kub,38,675,layer2_regulatory/titck/kub/KARF_LZOM_B__KYPROL_S_60_MG_IV_ENJEKS_YONLUK_ZELT_N_TOZ_EREN_FLAKON_KUB.pdf
KOMPL A 10 MG SERT KAPS L - Kisa Urun Bilgisi (KUB),KUB onay 2022-12-30,2022-12-30,TITCK (titck.gov.tr) / Turgut İlaçları A.Ş.,multipl miyelom,tr,pdf,layer2_regulatory,titck/kub,64,951,layer2_regulatory/titck/kub/LENALIDOMID__KOMPL_A_10_MG_SERT_KAPS_L_KUB.pdf
KOMPL A 15 MG SERT KAPS L - Kisa Urun Bilgisi (KUB),KUB onay 2022-12-30,2022-12-30,TITCK (titck.gov.tr) / Turgut İlaçları A.Ş.,multipl miyelom,tr,pdf,layer2_regulatory,titck/kub,64,951,layer2_regulatory/titck/kub/LENALIDOMID__KOMPL_A_15_MG_SERT_KAPS_L_KUB.pdf
KOMPL A 25 MG SERT KAPS L - Kisa Urun Bilgisi (KUB),KUB onay 2022-12-30,2022-12-30,TITCK (titck.gov.tr) / Turgut İlaçları A.Ş.,multipl miyelom,tr,pdf,layer2_regulatory,titck/kub,64,951,layer2_regulatory/titck/kub/LENALIDOMID__KOMPL_A_25_MG_SERT_KAPS_L_KUB.pdf
KOMPL A 5 MG SERT KAPS L - Kisa Urun Bilgisi (KUB),KUB onay 2022-12-30,2022-12-30,TITCK (titck.gov.tr) / Turgut İlaçları A.Ş.,multipl miyelom,tr,pdf,layer2_regulatory,titck/kub,64,951,layer2_regulatory/titck/kub/LENALIDOMID__KOMPL_A_5_MG_SERT_KAPS_L_KUB.pdf
LENATU 10 MG SERT KAPS L - Kisa Urun Bilgisi (KUB),KUB onay 2026-07-27,2026-07-27,TITCK (titck.gov.tr) / ONKO İLAÇ SANAYİ VE TİCARET A.Ş,multipl miyelom,tr,pdf,layer2_regulatory,titck/kub,79,891,layer2_regulatory/titck/kub/LENALIDOMID__LENATU_10_MG_SERT_KAPS_L_KUB.pdf
LENATU 15 MG SERT KAPS L - Kisa Urun Bilgisi (KUB),KUB onay 2026-07-27,2026-07-27,TITCK (titck.gov.tr) / Onko İlaç Sanayi ve Ticaret A.Ş,multipl miyelom,tr,pdf,layer2_regulatory,titck/kub,79,892,layer2_regulatory/titck/kub/LENALIDOMID__LENATU_15_MG_SERT_KAPS_L_KUB.pdf
LENATU 25 MG SERT KAPS L - Kisa Urun Bilgisi (KUB),KUB onay 2026-07-27,2026-07-27,TITCK (titck.gov.tr) / ONKO İLAÇ SANAYİ VE TİCARET A.Ş,multipl miyelom,tr,pdf,layer2_regulatory,titck/kub,79,892,layer2_regulatory/titck/kub/LENALIDOMID__LENATU_25_MG_SERT_KAPS_L_KUB.pdf
LENATU 5 MG SERT KAPS L - Kisa Urun Bilgisi (KUB),KUB onay 2026-07-27,2026-07-27,TITCK (titck.gov.tr) / Onko İlaç Sanayi ve Ticaret A.Ş.,multipl miyelom,tr,pdf,layer2_regulatory,titck/kub,79,893,layer2_regulatory/titck/kub/LENALIDOMID__LENATU_5_MG_SERT_KAPS_L_KUB.pdf
LENOM 10 MG SERT KAPS L - Kisa Urun Bilgisi (KUB),KUB onay 2024-05-13,2024-05-13,TITCK (titck.gov.tr) / WORLD MEDICINE İLAÇ SAN. VE TİC. A.Ş.,multipl miyelom,tr,pdf,layer2_regulatory,titck/kub,76,938,layer2_regulatory/titck/kub/LENALIDOMID__LENOM_10_MG_SERT_KAPS_L_KUB.pdf
LENOM 25 MG SERT KAPS L - Kisa Urun Bilgisi (KUB),KUB onay 2024-05-13,2024-05-13,TITCK (titck.gov.tr) / WORLD MEDICINE İLAÇ SAN. VE TİC. A.Ş.,multipl miyelom,tr,pdf,layer2_regulatory,titck/kub,76,931,layer2_regulatory/titck/kub/LENALIDOMID__LENOM_25_MG_SERT_KAPS_L_KUB.pdf
LENOM 5 MG SERT KAPS L - Kisa Urun Bilgisi (KUB),KUB onay 2024-05-13,2024-05-13,TITCK (titck.gov.tr) / WORLD MEDICINE İLAÇ SAN. VE TİC. A.Ş.,multipl miyelom,tr,pdf,layer2_regulatory,titck/kub,72,969,layer2_regulatory/titck/kub/LENALIDOMID__LENOM_5_MG_SERT_KAPS_L_KUB.pdf
PAUSED 10 MG SERT KAPS L - Kisa Urun Bilgisi (KUB),KUB onay 2024-09-06,2024-09-06,TITCK (titck.gov.tr) / ARVEN İLAÇ SAN. VE TİC. A.Ş.,multipl miyelom,tr,pdf,layer2_regulatory,titck/kub,65,1091,layer2_regulatory/titck/kub/LENALIDOMID__PAUSED_10_MG_SERT_KAPS_L_KUB.pdf
PAUSED 15 MG SERT KAPS L - Kisa Urun Bilgisi (KUB),KUB onay 2024-09-06,2024-09-06,TITCK (titck.gov.tr) / ARVEN İLAÇ SAN. VE TİC. A.Ş.,multipl miyelom,tr,pdf,layer2_regulatory,titck/kub,65,1091,layer2_regulatory/titck/kub/LENALIDOMID__PAUSED_15_MG_SERT_KAPS_L_KUB.pdf
PAUSED 25 MG SERT KAPS L - Kisa Urun Bilgisi (KUB),KUB onay 2024-09-06,2024-09-06,TITCK (titck.gov.tr) / ARVEN İLAÇ SAN. VE TİC. A.Ş.,multipl miyelom,tr,pdf,layer2_regulatory,titck/kub,65,841,layer2_regulatory/titck/kub/LENALIDOMID__PAUSED_25_MG_SERT_KAPS_L_KUB.pdf
PAUSED 5 MG SERT KAPS L - Kisa Urun Bilgisi (KUB),KUB onay 2024-09-06,2024-09-06,TITCK (titck.gov.tr) / ARVEN İLAÇ SAN. VE TİC. A.Ş.,multipl miyelom,tr,pdf,layer2_regulatory,titck/kub,65,1090,layer2_regulatory/titck/kub/LENALIDOMID__PAUSED_5_MG_SERT_KAPS_L_KUB.pdf
RELIV 10 MG SERT KAPS L - Kisa Urun Bilgisi (KUB),KUB onay 2023-10-12,2023-10-12,TITCK (titck.gov.tr) / Abdi İbrahim İlaç San. ve Tic. A.Ş.,multipl miyelom,tr,pdf,layer2_regulatory,titck/kub,62,844,layer2_regulatory/titck/kub/LENALIDOMID__RELIV_10_MG_SERT_KAPS_L_KUB.pdf
RELIV 15 MG SERT KAPS L - Kisa Urun Bilgisi (KUB),KUB onay 2023-10-12,2023-10-12,TITCK (titck.gov.tr) / Abdi İbrahim İlaç San. ve Tic. A.Ş.,multipl miyelom,tr,pdf,layer2_regulatory,titck/kub,62,844,layer2_regulatory/titck/kub/LENALIDOMID__RELIV_15_MG_SERT_KAPS_L_KUB.pdf
RELIV 25 MG SERT KAPS L - Kisa Urun Bilgisi (KUB),KUB onay 2023-10-12,2023-10-12,TITCK (titck.gov.tr) / Abdi İbrahim İlaç San. ve Tic. A.Ş.,multipl miyelom,tr,pdf,layer2_regulatory,titck/kub,62,844,layer2_regulatory/titck/kub/LENALIDOMID__RELIV_25_MG_SERT_KAPS_L_KUB.pdf
RELIV 5 MG SERT KAPS L - Kisa Urun Bilgisi (KUB),KUB onay 2023-10-12,2023-10-12,TITCK (titck.gov.tr) / Abdi İbrahim İlaç San. ve Tic. A.Ş.,multipl miyelom,tr,pdf,layer2_regulatory,titck/kub,62,843,layer2_regulatory/titck/kub/LENALIDOMID__RELIV_5_MG_SERT_KAPS_L_KUB.pdf
REVLIMID 10 MG SERT KAPS L - Kisa Urun Bilgisi (KUB),KUB onay 2024-11-08,2024-11-08,TITCK (titck.gov.tr) / BRİSTOL MYERS SQUİBB İLAÇLARI INC. İSTANBUL ŞUBESİ,multipl miyelom,tr,pdf,layer2_regulatory,titck/kub,70,1733,layer2_regulatory/titck/kub/LENALIDOMID__REVLIMID_10_MG_SERT_KAPS_L_KUB.pdf
REVLIMID 25 MG SERT KAPS L - Kisa Urun Bilgisi (KUB),KUB onay 2024-11-08,2024-11-08,TITCK (titck.gov.tr) / BRİSTOL MYERS SQUİBB İLAÇLARI INC. İSTANBUL ŞUBESİ,multipl miyelom,tr,pdf,layer2_regulatory,titck/kub,70,9692,layer2_regulatory/titck/kub/LENALIDOMID__REVLIMID_25_MG_SERT_KAPS_L_KUB.pdf
REVLIMID 5 MG SERT KAPS L - Kisa Urun Bilgisi (KUB),KUB onay 2024-11-08,2024-11-08,TITCK (titck.gov.tr) / BRİSTOL MYERS SQUİBB İLAÇLARI INC. İSTANBUL ŞUBESİ,multipl miyelom,tr,pdf,layer2_regulatory,titck/kub,70,9672,layer2_regulatory/titck/kub/LENALIDOMID__REVLIMID_5_MG_SERT_KAPS_L_KUB.pdf
REVL M D 15 MG SERT KAPS L - Kisa Urun Bilgisi (KUB),KUB onay 2024-11-08,2024-11-08,TITCK (titck.gov.tr) / BRİSTOL MYERS SQUİBB İLAÇLARI INC. İSTANBUL ŞUBESİ,multipl miyelom,tr,pdf,layer2_regulatory,titck/kub,70,1717,layer2_regulatory/titck/kub/LENALIDOMID__REVL_M_D_15_MG_SERT_KAPS_L_KUB.pdf
R VEL ME 20 MG SERT KAPS L - Kisa Urun Bilgisi (KUB),KUB onay 2026-04-05,2026-04-05,TITCK (titck.gov.tr) / DEVA HOLDİNG A.Ş.,multipl miyelom,tr,pdf,layer2_regulatory,titck/kub,81,1194,layer2_regulatory/titck/kub/LENALIDOMID__R_VEL_ME_20_MG_SERT_KAPS_L_KUB.pdf
R VEL ME 2 5 MG SERT KAPS L - Kisa Urun Bilgisi (KUB),KUB onay 2026-04-05,2026-04-05,TITCK (titck.gov.tr) / DEVA HOLDİNG A.Ş.,multipl miyelom,tr,pdf,layer2_regulatory,titck/kub,81,1196,layer2_regulatory/titck/kub/LENALIDOMID__R_VEL_ME_2_5_MG_SERT_KAPS_L_KUB.pdf
R VEL ME 7 5 MG SERT KAPS L - Kisa Urun Bilgisi (KUB),KUB onay 2026-04-05,2026-04-05,TITCK (titck.gov.tr) / DEVA HOLDİNG A.Ş.,multipl miyelom,tr,pdf,layer2_regulatory,titck/kub,81,1191,layer2_regulatory/titck/kub/LENALIDOMID__R_VEL_ME_7_5_MG_SERT_KAPS_L_KUB.pdf
R VEL ME 10 MG SERT KAPS L - Kisa Urun Bilgisi (KUB),KUB onay 2026-04-05,2026-04-05,TITCK (titck.gov.tr) / DEVA HOLDİNG A.Ş.,multipl miyelom,tr,pdf,layer2_regulatory,titck/kub,81,1197,layer2_regulatory/titck/kub/LENAL_DOM_D__R_VEL_ME_10_MG_SERT_KAPS_L_KUB.pdf
R VEL ME 15 MG SERT KAPS L - Kisa Urun Bilgisi (KUB),KUB onay 2026-04-05,2026-04-05,TITCK (titck.gov.tr) / DEVA HOLDİNG A.Ş.,multipl miyelom,tr,pdf,layer2_regulatory,titck/kub,81,1193,layer2_regulatory/titck/kub/LENAL_DOM_D__R_VEL_ME_15_MG_SERT_KAPS_L_KUB.pdf
R VEL ME 25 MG SERT KAPS L - Kisa Urun Bilgisi (KUB),KUB onay 2026-04-05,2026-04-05,TITCK (titck.gov.tr) / DEVA HOLDİNG A.Ş.,multipl miyelom,tr,pdf,layer2_regulatory,titck/kub,81,1192,layer2_regulatory/titck/kub/LENAL_DOM_D__R_VEL_ME_25_MG_SERT_KAPS_L_KUB.pdf
R VEL ME 5 MG SERT KAPS L - Kisa Urun Bilgisi (KUB),KUB onay 2026-04-05,2026-04-05,TITCK (titck.gov.tr) / DEVA HOLDİNG A.Ş.,multipl miyelom,tr,pdf,layer2_regulatory,titck/kub,81,1192,layer2_regulatory/titck/kub/LENAL_DOM_D__R_VEL_ME_5_MG_SERT_KAPS_L_KUB.pdf
ERIOLAN 50 MG ENJEKSIYONLUK NF ZYONLUK ZELTI IN LIYOFILIZE T - Kisa Urun Bilgisi (KUB),KUB onay 2020-05-15,2020-05-15,TITCK (titck.gov.tr) / SOHO İLAÇ LTD. ŞTİ.,multipl miyelom,tr,pdf,layer2_regulatory,titck/kub,13,656,layer2_regulatory/titck/kub/MELFALAN_H_DROKLOR_R__ERIOLAN_50_MG_ENJEKSIYONLUK_NF_ZYONLUK_ZELTI_IN_LIYOFILIZE_T_KUB.pdf
ALKERAN 2 MG FILM TABLET - Kisa Urun Bilgisi (KUB),KUB onay 2026-04-05,2026-04-05,TITCK (titck.gov.tr) / VLD DANIŞMANLIK TIBBİ ÜRÜNLER VE TANITIM HİZMETLERİ A.Ş.,multipl miyelom,tr,pdf,layer2_regulatory,titck/kub,10,186,layer2_regulatory/titck/kub/MELFALAN__ALKERAN_2_MG_FILM_TABLET_KUB.pdf
POMAVID 1 MG SERT KAPS L - Kisa Urun Bilgisi (KUB),KUB onay 2025-10-16,2025-10-16,TITCK (titck.gov.tr) / ABDİ İBRAHİM İLAÇ SANAYİ VE TİCARET A.Ş.,multipl miyelom,tr,pdf,layer2_regulatory,titck/kub,35,1791,layer2_regulatory/titck/kub/POMALIDOMID__POMAVID_1_MG_SERT_KAPS_L_KUB.pdf
POMAVID 2 MG SERT KAPS L - Kisa Urun Bilgisi (KUB),KUB onay 2025-10-16,2025-10-16,TITCK (titck.gov.tr) / ABDİ İBRAHİM İLAÇ SANAYİ VE TİCARET A.Ş.,multipl miyelom,tr,pdf,layer2_regulatory,titck/kub,36,1928,layer2_regulatory/titck/kub/POMALIDOMID__POMAVID_2_MG_SERT_KAPS_L_KUB.pdf
POMAVID 3 MG SERT KAPS L - Kisa Urun Bilgisi (KUB),KUB onay 2025-10-16,2025-10-16,TITCK (titck.gov.tr) / ABDİ İBRAHİM İLAÇ SANAYİ VE TİCARET A.Ş.,multipl miyelom,tr,pdf,layer2_regulatory,titck/kub,36,1785,layer2_regulatory/titck/kub/POMALIDOMID__POMAVID_3_MG_SERT_KAPS_L_KUB.pdf
POMAVID 4 MG SERT KAPS L - Kisa Urun Bilgisi (KUB),KUB onay 2025-10-16,2025-10-16,TITCK (titck.gov.tr) / ABDİ İBRAHİM İLAÇ SANAYİ VE TİCARET A.Ş.,multipl miyelom,tr,pdf,layer2_regulatory,titck/kub,36,1793,layer2_regulatory/titck/kub/POMALIDOMID__POMAVID_4_MG_SERT_KAPS_L_KUB.pdf
POMALEM 1 MG SERT KAPS L - Kisa Urun Bilgisi (KUB),KUB onay 2024-07-01,2024-07-01,TITCK (titck.gov.tr) / DEVA HOLDİNG A.Ş.,multipl miyelom,tr,pdf,layer2_regulatory,titck/kub,40,2043,layer2_regulatory/titck/kub/POMAL_DOM_D__POMALEM_1_MG_SERT_KAPS_L_KUB.pdf
POMALEM 2 MG SERT KAPS L - Kisa Urun Bilgisi (KUB),KUB onay 2024-07-01,2024-07-01,TITCK (titck.gov.tr) / DEVA HOLDİNG A.Ş.,multipl miyelom,tr,pdf,layer2_regulatory,titck/kub,39,2023,layer2_regulatory/titck/kub/POMAL_DOM_D__POMALEM_2_MG_SERT_KAPS_L_KUB.pdf
POMALEM 3 MG SERT KAPS L - Kisa Urun Bilgisi (KUB),KUB onay 2024-07-01,2024-07-01,TITCK (titck.gov.tr) / DEVA HOLDİNG A.Ş.,multipl miyelom,tr,pdf,layer2_regulatory,titck/kub,38,2029,layer2_regulatory/titck/kub/POMAL_DOM_D__POMALEM_3_MG_SERT_KAPS_L_KUB.pdf
POMALEM 4 MG SERT KAPS L - Kisa Urun Bilgisi (KUB),KUB onay 2024-07-01,2024-07-01,TITCK (titck.gov.tr) / DEVA HOLDİNG A.Ş.,multipl miyelom,tr,pdf,layer2_regulatory,titck/kub,38,2026,layer2_regulatory/titck/kub/POMAL_DOM_D__POMALEM_4_MG_SERT_KAPS_L_KUB.pdf
 MNOV D 1 MG SERT KAPS L - Kisa Urun Bilgisi (KUB),KUB onay 2025-02-04,2025-02-04,TITCK (titck.gov.tr) / Bristol-Myers Squibb İlaçları,multipl miyelom,tr,pdf,layer2_regulatory,titck/kub,34,722,layer2_regulatory/titck/kub/POMAL_DOM_D___MNOV_D_1_MG_SERT_KAPS_L_KUB.pdf
 MNOV D 2 MG SERT KAPS L - Kisa Urun Bilgisi (KUB),KUB onay 2025-02-04,2025-02-04,TITCK (titck.gov.tr) / Bristol-Myers Squibb İlaçları,multipl miyelom,tr,pdf,layer2_regulatory,titck/kub,34,671,layer2_regulatory/titck/kub/POMAL_DOM_D___MNOV_D_2_MG_SERT_KAPS_L_KUB.pdf
 MNOV D 3 MG SERT KAPS L - Kisa Urun Bilgisi (KUB),KUB onay 2025-02-04,2025-02-04,TITCK (titck.gov.tr) / Bristol-Myers Squibb İlaçları,multipl miyelom,tr,pdf,layer2_regulatory,titck/kub,34,669,layer2_regulatory/titck/kub/POMAL_DOM_D___MNOV_D_3_MG_SERT_KAPS_L_KUB.pdf
 MNOV D 4 MG SERT KAPS L - Kisa Urun Bilgisi (KUB),KUB onay 2025-02-04,2025-02-04,TITCK (titck.gov.tr) / Bristol-Myers Squibb İlaçları,multipl miyelom,tr,pdf,layer2_regulatory,titck/kub,34,644,layer2_regulatory/titck/kub/POMAL_DOM_D___MNOV_D_4_MG_SERT_KAPS_L_KUB.pdf
NEXPOVIO 20 MG FILM KAPLI TABLET - Kisa Urun Bilgisi (KUB),KUB onay 2026-06-03,2026-06-03,TITCK (titck.gov.tr) / Menarini Stemline İlaç San. ve Tic. A.Ş.,multipl miyelom,tr,pdf,layer2_regulatory,titck/kub,27,808,layer2_regulatory/titck/kub/SELINEKSOR__NEXPOVIO_20_MG_FILM_KAPLI_TABLET_KUB.pdf
THALIDOMIDE BMS 50 MG SERT KAPS L - Kisa Urun Bilgisi (KUB),KUB onay 2024-11-08,2024-11-08,TITCK (titck.gov.tr) / BRİSTOL MYERS SQUİBB İLAÇLARI INC. İSTANBUL ŞUBESİ,multipl miyelom,tr,pdf,layer2_regulatory,titck/kub,22,1818,layer2_regulatory/titck/kub/TALIDOMIDE__THALIDOMIDE_BMS_50_MG_SERT_KAPS_L_KUB.pdf
ACLASTA 5 MG 100 ML IV NF ZYON ZELTISI EREN FLAKON - Kisa Urun Bilgisi (KUB),KUB onay 2019-07-18,2019-07-18,TITCK (titck.gov.tr) / SANDOZ,miyelom kemik hastaligi (destek),tr,pdf,layer2_regulatory,titck/kub,19,238,layer2_regulatory/titck/kub/ZOLEDRONIK_ASIT_MONOHIDRAT__ACLASTA_5_MG_100_ML_IV_NF_ZYON_ZELTISI_EREN_FLAKON_KUB.pdf
BONZOLEN 4 MG 5 ML I V INF ZYON I IN KONSANTRE ZELTI I EREN  - Kisa Urun Bilgisi (KUB),KUB onay 2020-06-01,2020-06-01,TITCK (titck.gov.tr) / FARMAKO EczacılıkA.Ş.,miyelom kemik hastaligi (destek),tr,pdf,layer2_regulatory,titck/kub,18,86,layer2_regulatory/titck/kub/ZOLEDRONIK_ASIT_MONOHIDRAT__BONZOLEN_4_MG_5_ML_I_V_INF_ZYON_I_IN_KONSANTRE_ZELTI_I_EREN__KUB.pdf
KALIKSIR 4MG 5ML I V NF ZYONLUK KONSANTRE ZELTI - Kisa Urun Bilgisi (KUB),KUB onay 2019-12-30,2019-12-30,TITCK (titck.gov.tr) / SANOVEL İLAÇ SAN. VE TİC. A. Ş.,miyelom kemik hastaligi (destek),tr,pdf,layer2_regulatory,titck/kub,16,237,layer2_regulatory/titck/kub/ZOLEDRONIK_ASIT_MONOHIDRAT__KALIKSIR_4MG_5ML_I_V_NF_ZYONLUK_KONSANTRE_ZELTI_KUB.pdf
LUSIMA 5MG 100ML IV NF ZYON ZELTISI EREN FLAKON - Kisa Urun Bilgisi (KUB),KUB onay 2019-12-27,2019-12-27,TITCK (titck.gov.tr) / SANOVEL İLAÇ SAN. VE TİC. A. Ş.,miyelom kemik hastaligi (destek),tr,pdf,layer2_regulatory,titck/kub,11,199,layer2_regulatory/titck/kub/ZOLEDRONIK_ASIT_MONOHIDRAT__LUSIMA_5MG_100ML_IV_NF_ZYON_ZELTISI_EREN_FLAKON_KUB.pdf
OSTEOZOLEN 4 MG 5 ML I V NFUZYON IN KONSANTRE ZELTI EREN FLA - Kisa Urun Bilgisi (KUB),KUB onay 2009-06-23,2009-06-23,TITCK (titck.gov.tr),miyelom kemik hastaligi (destek),tr,pdf,layer2_regulatory,titck/kub,12,79,layer2_regulatory/titck/kub/ZOLEDRONIK_ASIT_MONOHIDRAT__OSTEOZOLEN_4_MG_5_ML_I_V_NFUZYON_IN_KONSANTRE_ZELTI_EREN_FLA_KUB.pdf
ZOLCURE 5 MG 100 ML V INF ZYONLUK ZELTI - Kisa Urun Bilgisi (KUB),KUB onay 2020-03-17,2020-03-17,TITCK (titck.gov.tr) / World Medicine İlaçları Ltd. Şti.,miyelom kemik hastaligi (destek),tr,pdf,layer2_regulatory,titck/kub,19,393,layer2_regulatory/titck/kub/ZOLEDRONIK_ASIT_MONOHIDRAT__ZOLCURE_5_MG_100_ML_V_INF_ZYONLUK_ZELTI_KUB.pdf
ZOLDR A 4MG 5ML IV NF ZYON N KONSANTRE ZELT EREN FLAKON - Kisa Urun Bilgisi (KUB),KUB onay 2020-04-28,2020-04-28,TITCK (titck.gov.tr) / PHARMADA İLAÇ SAN. VE TİC. A.Ş.,miyelom kemik hastaligi (destek),tr,pdf,layer2_regulatory,titck/kub,17,209,layer2_regulatory/titck/kub/ZOLEDRONIK_ASIT_MONOHIDRAT__ZOLDR_A_4MG_5ML_IV_NF_ZYON_N_KONSANTRE_ZELT_EREN_FLAKON_KUB.pdf
ZOLON K 4 MG 5 ML I V NF ZYONLUK ZELT HAZIRLAMAK N KONSANTRE - Kisa Urun Bilgisi (KUB),KUB onay 2025-07-28,2025-07-28,TITCK (titck.gov.tr) / KOÇAK FARMA İLAÇ VE KİMYA SANAYİ A.Ş.,miyelom kemik hastaligi (destek),tr,pdf,layer2_regulatory,titck/kub,18,341,layer2_regulatory/titck/kub/ZOLEDRONIK_ASIT_MONOHIDRAT__ZOLON_K_4_MG_5_ML_I_V_NF_ZYONLUK_ZELT_HAZIRLAMAK_N_KONSANTRE_KUB.pdf
ZORONIC 4MG 5ML IV NF ZYON IN KONSANTRE ZELTI EREN FLAKON  - Kisa Urun Bilgisi (KUB),KUB onay 2011-10-27,2011-10-27,TITCK (titck.gov.tr) / NOBEL İLAÇ PAZARLAMA VE SANAYİİ LTD. ŞTİ.,miyelom kemik hastaligi (destek),tr,pdf,layer2_regulatory,titck/kub,17,4061,layer2_regulatory/titck/kub/ZOLEDRONIK_ASIT_MONOHIDRAT__ZORONIC_4MG_5ML_IV_NF_ZYON_IN_KONSANTRE_ZELTI_EREN_FLAKON__KUB.pdf
OSTEZOLEN 4MG 5ML IV NF ZYON N KONSANTRE ZELT EREN FLAKON - Kisa Urun Bilgisi (KUB),KUB onay 2019-05-23,2019-05-23,TITCK (titck.gov.tr) / RECORDATİ İLAÇ SANAYİ VE TİC. A.Ş.,miyelom kemik hastaligi (destek),tr,pdf,layer2_regulatory,titck/kub,20,463,layer2_regulatory/titck/kub/ZOLEDRONIK_ASIT_MONOH_DRAT__OSTEZOLEN_4MG_5ML_IV_NF_ZYON_N_KONSANTRE_ZELT_EREN_FLAKON_KUB.pdf
ATAZOL 4 MG 5 ML IV NF ZYONLUK ZELT  - Kisa Urun Bilgisi (KUB),KUB onay 2026-06-12,2026-06-12,TITCK (titck.gov.tr) / Atabay Kimya San. ve Tic. A.Ş.,miyelom kemik hastaligi (destek),tr,pdf,layer2_regulatory,titck/kub,16,402,layer2_regulatory/titck/kub/ZOLEDRONIK_ASIT_SUSUZ_ZOLEDRON__ATAZOL_4_MG_5_ML_IV_NF_ZYONLUK_ZELT__KUB.pdf
ACLASTA 5MG 100 ML NF ZYON ZELTISI EREN FLAKON - Kisa Urun Bilgisi (KUB),KUB onay 2013-01-15,2013-01-15,TITCK (titck.gov.tr) / NOVARTİS ÜRÜNLERİ,miyelom kemik hastaligi (destek),tr,pdf,layer2_regulatory,titck/kub,17,251,layer2_regulatory/titck/kub/ZOLEDRONIK_ASIT__ACLASTA_5MG_100_ML_NF_ZYON_ZELTISI_EREN_FLAKON_KUB.pdf
BONEDRO 4MG 5ML V INF ZYON I IN KONSANTRE ZELTI I EREN FLAKO - Kisa Urun Bilgisi (KUB),KUB onay 2019-11-12,2019-11-12,TITCK (titck.gov.tr) / VEM İLAÇ SAN. VR TİC. LTD. ŞTİ.,miyelom kemik hastaligi (destek),tr,pdf,layer2_regulatory,titck/kub,23,396,layer2_regulatory/titck/kub/ZOLEDRONIK_ASIT__BONEDRO_4MG_5ML_V_INF_ZYON_I_IN_KONSANTRE_ZELTI_I_EREN_FLAKO_KUB.pdf
CEM X 5G 100ML IV NF ZYONLUK ZELTI - Kisa Urun Bilgisi (KUB),KUB onay 2020-03-04,2020-03-04,TITCK (titck.gov.tr) / MS PHARMA İLAÇ SANAYİ VE TİCARET A.Ş,miyelom kemik hastaligi (destek),tr,pdf,layer2_regulatory,titck/kub,18,369,layer2_regulatory/titck/kub/ZOLEDRONIK_ASIT__CEM_X_5G_100ML_IV_NF_ZYONLUK_ZELTI_KUB.pdf
RON DRO 5 MG 100 ML I V INF ZYON ZELTISI I EREN FLAKON - Kisa Urun Bilgisi (KUB),KUB onay 2020-02-26,2020-02-26,TITCK (titck.gov.tr) / VEM İlaç San. ve Tic. A.Ş.,miyelom kemik hastaligi (destek),tr,pdf,layer2_regulatory,titck/kub,25,589,layer2_regulatory/titck/kub/ZOLEDRONIK_ASIT__RON_DRO_5_MG_100_ML_I_V_INF_ZYON_ZELTISI_I_EREN_FLAKON_KUB.pdf
VERTEBZOL 5 MG 100 ML I V NF ZYONLUK ZELTI - Kisa Urun Bilgisi (KUB),KUB onay 2019-02-28,2019-02-28,TITCK (titck.gov.tr) / Exeltis İlaç San. Ve Tic. A.Ş.,miyelom kemik hastaligi (destek),tr,pdf,layer2_regulatory,titck/kub,20,393,layer2_regulatory/titck/kub/ZOLEDRONIK_ASIT__VERTEBZOL_5_MG_100_ML_I_V_NF_ZYONLUK_ZELTI_KUB.pdf
ZOLEGEN 4 MG 5 ML I V INF ZYON I IN KONSANTRE ZELTI I EREN F - Kisa Urun Bilgisi (KUB),KUB onay 2015-04-27,2015-04-27,TITCK (titck.gov.tr) / GEN İLAÇ VE SAĞLIK ÜRÜNLERİ SAN. ve TİC. A.Ş.,miyelom kemik hastaligi (destek),tr,pdf,layer2_regulatory,titck/kub,17,433,layer2_regulatory/titck/kub/ZOLEDRONIK_ASIT__ZOLEGEN_4_MG_5_ML_I_V_INF_ZYON_I_IN_KONSANTRE_ZELTI_I_EREN_F_KUB.pdf
ZOLENAT IV 4MG 5 ML INF ZYON I IN KONSANTRE ZELTI I EREN FLA - Kisa Urun Bilgisi (KUB),KUB onay 2022-08-19,2022-08-19,TITCK (titck.gov.tr) / GENSENTA İLAÇ SANAYİ VE TİCARET A.Ş.,miyelom kemik hastaligi (destek),tr,pdf,layer2_regulatory,titck/kub,17,296,layer2_regulatory/titck/kub/ZOLEDRONIK_ASIT__ZOLENAT_IV_4MG_5_ML_INF_ZYON_I_IN_KONSANTRE_ZELTI_I_EREN_FLA_KUB.pdf
ZOLTONAR 5 MG 100 ML V INF ZYON ZELTISI I EREN FLAKON - Kisa Urun Bilgisi (KUB),KUB onay 2019-10-11,2019-10-11,TITCK (titck.gov.tr) / World Medicine İlaç San. ve Tic. A.Ş.,miyelom kemik hastaligi (destek),tr,pdf,layer2_regulatory,titck/kub,19,663,layer2_regulatory/titck/kub/ZOLEDRONIK_ASIT__ZOLTONAR_5_MG_100_ML_V_INF_ZYON_ZELTISI_I_EREN_FLAKON_KUB.pdf
ZOMEBON 4MG 5ML INF ZYON I IN KONSANTRE ZELTI - Kisa Urun Bilgisi (KUB),KUB onay 2021-02-04,2021-02-04,TITCK (titck.gov.tr) / KOÇAK FARMA İLAÇ VE KİMYA SANAYİ A.Ş.,miyelom kemik hastaligi (destek),tr,pdf,layer2_regulatory,titck/kub,24,282,layer2_regulatory/titck/kub/ZOLEDRONIK_ASIT__ZOMEBON_4MG_5ML_INF_ZYON_I_IN_KONSANTRE_ZELTI_KUB.pdf
BONDREX 4MG 5 ML IV NF ZYON N KONSANTRE ZELT  - Kisa Urun Bilgisi (KUB),KUB onay 2019-12-19,2019-12-19,TITCK (titck.gov.tr) / HTA İLAÇ ARAŞTIRMA GELİŞTİRME SAN. VE TİC. LTD. ŞTİ,miyelom kemik hastaligi (destek),tr,pdf,layer2_regulatory,titck/kub,17,271,layer2_regulatory/titck/kub/ZOLEDRON_K_AS_T_MONOH_DRAT__BONDREX_4MG_5_ML_IV_NF_ZYON_N_KONSANTRE_ZELT__KUB.pdf
LAN CZOL 5 MG 100 ML IV NF ZYON N KONSANTRE ZELT EREN FLAKON - Kisa Urun Bilgisi (KUB),KUB onay 2023-03-21,2023-03-21,TITCK (titck.gov.tr) / PLATİN KİMYA MÜMESSİLLİK VE DIŞ TİC. LTD. ŞTİ.,miyelom kemik hastaligi (destek),tr,pdf,layer2_regulatory,titck/kub,23,277,layer2_regulatory/titck/kub/ZOLEDRON_K_AS_T_MONOH_DRAT__LAN_CZOL_5_MG_100_ML_IV_NF_ZYON_N_KONSANTRE_ZELT_EREN_FLAKON_KUB.pdf
OSS 4 MG 5 ML I V KONSANTRE NF ZYONLUK ZELT  - Kisa Urun Bilgisi (KUB),KUB onay 2020-03-26,2020-03-26,TITCK (titck.gov.tr) / POLİFARMA İLAÇ SAN. VE TİC. A.Ş.,miyelom kemik hastaligi (destek),tr,pdf,layer2_regulatory,titck/kub,17,1820,layer2_regulatory/titck/kub/ZOLEDRON_K_AS_T_MONOH_DRAT__OSS_4_MG_5_ML_I_V_KONSANTRE_NF_ZYONLUK_ZELT__KUB.pdf
PLAZOL 4 MG 5 ML I V NF ZYON N KONSANTRE ZELT EREN FLAKON - Kisa Urun Bilgisi (KUB),KUB onay 2015-06-11,2015-06-11,TITCK (titck.gov.tr) / PLATİN KİMYA MÜMESSİLLİK VE DIŞ TİC. LTD. ŞTİ.,miyelom kemik hastaligi (destek),tr,pdf,layer2_regulatory,titck/kub,18,9510,layer2_regulatory/titck/kub/ZOLEDRON_K_AS_T_MONOH_DRAT__PLAZOL_4_MG_5_ML_I_V_NF_ZYON_N_KONSANTRE_ZELT_EREN_FLAKON_KUB.pdf
RON X 4 MG 5 ML V NF ZYON N KONSANTRE ZELT EREN FLAKON - Kisa Urun Bilgisi (KUB),KUB onay 2020-12-30,2020-12-30,TITCK (titck.gov.tr) / CENTURİON PHARMA İLAÇ  SAN. VE TİC. LTD. ŞTİ.,miyelom kemik hastaligi (destek),tr,pdf,layer2_regulatory,titck/kub,23,321,layer2_regulatory/titck/kub/ZOLEDRON_K_AS_T_MONOH_DRAT__RON_X_4_MG_5_ML_V_NF_ZYON_N_KONSANTRE_ZELT_EREN_FLAKON_KUB.pdf
ZOLESTO 5 MG 100 ML IV NF ZYONLUK ZELT  - Kisa Urun Bilgisi (KUB),KUB onay 2022-01-26,2022-01-26,TITCK (titck.gov.tr) / ATABAY KİMYA SAN. VE TİC. A.Ş.,miyelom kemik hastaligi (destek),tr,pdf,layer2_regulatory,titck/kub,22,391,layer2_regulatory/titck/kub/ZOLEDRON_K_AS_T_MONOH_DRAT__ZOLESTO_5_MG_100_ML_IV_NF_ZYONLUK_ZELT__KUB.pdf
ZOLKA 5MG 100ML I V NF ZYON N KONSANTRE ZELT EREN FLAKON - Kisa Urun Bilgisi (KUB),KUB onay 2023-05-18,2023-05-18,TITCK (titck.gov.tr) / Kaya Beşeri İlaç San. ve Tic. A.Ş.,miyelom kemik hastaligi (destek),tr,pdf,layer2_regulatory,titck/kub,23,1369,layer2_regulatory/titck/kub/ZOLEDRON_K_AS_T_MONOH_DRAT__ZOLKA_5MG_100ML_I_V_NF_ZYON_N_KONSANTRE_ZELT_EREN_FLAKON_KUB.pdf
ZOLOPOROZ 5MG 100ML V NF ZYON N ZELT EREN FLAKON - Kisa Urun Bilgisi (KUB),KUB onay 2020-06-03,2020-06-03,TITCK (titck.gov.tr) / PHARMADA İLAÇ SANAYİ VE TİCARET A.Ş.,miyelom kemik hastaligi (destek),tr,pdf,layer2_regulatory,titck/kub,21,256,layer2_regulatory/titck/kub/ZOLEDRON_K_AS_T_MONOH_DRAT__ZOLOPOROZ_5MG_100ML_V_NF_ZYON_N_ZELT_EREN_FLAKON_KUB.pdf
ZOLTASTA 4MG 5ML I V NF ZYON N KONSANTRE ZELT EREN FLAKON - Kisa Urun Bilgisi (KUB),KUB onay 2014-01-17,2014-01-17,TITCK (titck.gov.tr) / WORLD MEDICINE İLAÇ SAN. VE TİC. A.Ş.,miyelom kemik hastaligi (destek),tr,pdf,layer2_regulatory,titck/kub,18,9668,layer2_regulatory/titck/kub/ZOLEDRON_K_AS_T_MONOH_DRAT__ZOLTASTA_4MG_5ML_I_V_NF_ZYON_N_KONSANTRE_ZELT_EREN_FLAKON_KUB.pdf
ACLABON 5MG 100ML NF ZYON ZELT S EREN FLAKON - Kisa Urun Bilgisi (KUB),KUB onay 2025-08-18,2025-08-18,TITCK (titck.gov.tr) / KOÇAK FARMA İLAÇ VE KİMYA SANAYİ A.Ş.,miyelom kemik hastaligi (destek),tr,pdf,layer2_regulatory,titck/kub,17,4494,layer2_regulatory/titck/kub/ZOLEDRON_K_AS_T__ACLABON_5MG_100ML_NF_ZYON_ZELT_S_EREN_FLAKON_KUB.pdf
MULTIFLEX ACLAVER 5 MG 100 ML IV NF ZYONLUK ZELT  - Kisa Urun Bilgisi (KUB),KUB onay 2024-08-27,2024-08-27,TITCK (titck.gov.tr) / MAGNA FARMA,miyelom kemik hastaligi (destek),tr,pdf,layer2_regulatory,titck/kub,21,409,layer2_regulatory/titck/kub/ZOLEDRON_K_AS_T__MULTIFLEX_ACLAVER_5_MG_100_ML_IV_NF_ZYONLUK_ZELT__KUB.pdf
XENDRO 5 MG 100 ML IV NF ZYON N ZELT EREN FLAKON - Kisa Urun Bilgisi (KUB),KUB onay 2021-08-25,2021-08-25,TITCK (titck.gov.tr) / CENTURİON İLAÇ SAN. VE TİC. A.Ş.,miyelom kemik hastaligi (destek),tr,pdf,layer2_regulatory,titck/kub,21,381,layer2_regulatory/titck/kub/ZOLEDRON_K_AS_T__XENDRO_5_MG_100_ML_IV_NF_ZYON_N_ZELT_EREN_FLAKON_KUB.pdf
ZOD NAS L 5 MG 100 ML V NF ZYONLUK ZELT  - Kisa Urun Bilgisi (KUB),KUB onay 2026-02-11,2026-02-11,TITCK (titck.gov.tr) / GENVEON İLAÇ SAN. VE TİC. A.Ş.,miyelom kemik hastaligi (destek),tr,pdf,layer2_regulatory,titck/kub,20,341,layer2_regulatory/titck/kub/ZOLEDRON_K_AS_T__ZOD_NAS_L_5_MG_100_ML_V_NF_ZYONLUK_ZELT__KUB.pdf
ZOLTASTA 4MG 5ML I V NF ZYON N KONSANTRE ZELT EREN FLAKON - Kisa Urun Bilgisi (KUB),KUB onay 2018-11-15,2018-11-15,TITCK (titck.gov.tr) / WORLD MEDİCİNE İLAÇ SAN. VE TİC. A.Ş.,miyelom kemik hastaligi (destek),tr,pdf,layer2_regulatory,titck/kub,18,447,layer2_regulatory/titck/kub/ZOLEDRON_K_AS_T__ZOLTASTA_4MG_5ML_I_V_NF_ZYON_N_KONSANTRE_ZELT_EREN_FLAKON_KUB.pdf
Metarzu 4 mg 5 ml V nf zyon in Konsantre zelti eren Flakon - Kisa Urun Bilgisi (KUB),KUB onay 2017-05-10,2017-05-10,TITCK (titck.gov.tr) / Haver Farma İlaç A.Ş.,miyelom kemik hastaligi (destek),tr,pdf,layer2_regulatory,titck/kub,17,565,layer2_regulatory/titck/kub/Zoledronik_Asit_Monohidrat__Metarzu_4_mg_5_ml_V_nf_zyon_in_Konsantre_zelti_eren_Flakon_KUB.pdf
Xolarex 5 mg 100 ml IV nf zyonluk zelti - Kisa Urun Bilgisi (KUB),KUB onay 2018-07-20,2018-07-20,TITCK (titck.gov.tr) / MS Pharma İlaç San. ve Tic. A.Ş.,miyelom kemik hastaligi (destek),tr,pdf,layer2_regulatory,titck/kub,18,251,layer2_regulatory/titck/kub/Zoledronik_asit_monohidrat__Xolarex_5_mg_100_ml_IV_nf_zyonluk_zelti_KUB.pdf
Ruhsatli Beseri Tibbi Urunler Listesi,31.07.2026,2026-07-31,TITCK (titck.gov.tr),genel (tum endikasyonlar),tr,xlsx,layer2_regulatory,titck/ruhsat_listesi,?,2212,layer2_regulatory/titck/ruhsat_listesi/RuhsatlBeeriTbbirnlerListesi31.07.2026_66bf668a-a71d-40c1-90ba-e1c1565677d5.xlsx
Hasta Katilim Payindan Muaf Ilaclar Listesi,guncel liste,?,SGK,genel (tum endikasyonlar),tr,pdf,layer3_reimbursement,ek4,85,1203,layer3_reimbursement/ek4/EK-4-D.pdf
Sistemik Antimikrobik ve Diger Ilaclarin Receteleme Kurallari,guncel liste,?,SGK,genel (tum endikasyonlar),tr,pdf,layer3_reimbursement,ek4,15,347,layer3_reimbursement/ek4/EK-4-E.pdf
Ayakta Tedavide Saglik Raporu ile Verilebilecek Ilaclar Listesi,guncel liste,?,SGK,genel (tum endikasyonlar),tr,pdf,layer3_reimbursement,ek4,7,182,layer3_reimbursement/ek4/EK-4-F.pdf
Sadece Yatan Hastalarda Bedeli Odenecek Ilaclar Listesi,guncel liste,?,SGK,genel (tum endikasyonlar),tr,pdf,layer3_reimbursement,ek4,4,147,layer3_reimbursement/ek4/EK-4-G.pdf
Bedeli Odenecek Ilaclar Listesi,guncel liste,?,SGK,genel (tum endikasyonlar),tr,xlsx,layer3_reimbursement,ek4,?,945,layer3_reimbursement/ek4/EK-4A.xlsx
Hastaliga Ozel (Dogustan Metabolik) Urunler Listesi,guncel liste,?,SGK,genel (tum endikasyonlar),tr,xlsx,layer3_reimbursement,ek4,?,18,layer3_reimbursement/ek4/EK-4B.xlsx
Hastanelerce Temini Zorunlu Kemoterapi Ilaclari Listesi,guncel liste,?,SGK,genel (tum endikasyonlar),tr,xlsx,layer3_reimbursement,ek4,?,33,layer3_reimbursement/ek4/EK-4H.xlsx
Saglik Uygulama Tebligi (SUT),guncel metin,?,SGK,genel (tum endikasyonlar),tr,pdf,layer3_reimbursement,sut,290,3142,layer3_reimbursement/sut/SUT.pdf
